Strike,IV,Delta
88.0,0.5119,-0.01659
88.5,0.4678,-0.01799
89.0,0.4233,-0.01968
89.5,0.3786,-0.02175
90.0,0.3333,-0.02436
90.5,0.2875,-0.02777
91.0,0.225,-0.02413
91.5,0.193,-0.03941
92.0,0.1435,-0.05098
92.5,0.0977,-0.09027
93.0,0.0787,-0.36192
93.5,0.065,-0.87453
94.0,0.0,-1.0
94.5,0.0,-1.0
95.0,0.0,-1.0
95.5,0.0,-1.0
96.0,0.0,-1.0
97.0,0.0,-1.0
98.0,0.0,-1.0
99.0,0.0,-1.0
