Strike,Bid,Midpoint,Ask,IV,Delta
88.0,3.05,3.13,3.20,0.5119,-0.01659
89.0,3.35,3.43,3.50,0.4233,-0.01968
90.0,3.70,3.80,3.90,0.3333,-0.02436
91.0,4.10,4.18,4.25,0.225,-0.02413
92.0,4.55,4.63,4.70,0.1435,-0.05098
93.0,4.95,5.03,5.10,0.0787,-0.36192
94.0,5.40,5.50,5.60,0.0,-1.0
95.0,5.90,6.00,6.10,0.0,-1.0
96.0,6.45,6.55,6.65,0.0,-1.0
97.0,7.05,7.13,7.20,0.0,-1.0
98.0,7.60,7.68,7.75,0.0,-1.0
99.0,8.25,8.33,8.40,0.0,-1.0
